Frequency (Hz)	Level (dB)
43.066406	-61.414558
86.132812	-63.372601
129.199219	-62.137676
172.265625	-60.001308
215.332031	-57.624023
258.398438	-57.021469
301.464844	-59.867603
344.531250	-60.765335
387.597656	-57.849613
430.664062	-54.501755
473.730469	-52.001598
516.796875	-51.628704
559.863281	-52.797356
602.929688	-54.341263
645.996094	-51.311577
689.062500	-49.759766
732.128906	-49.746471
775.195312	-46.082226
818.261719	-43.305889
861.328125	-41.814781
904.394531	-44.648232
947.460938	-45.202248
990.527344	-45.529671
1033.593750	-47.872116
1076.660156	-46.377140
1119.726562	-48.931244
1162.792969	-47.898018
1205.859375	-43.638294
1248.925781	-45.108669
1291.992188	-49.777626
1335.058594	-49.780193
1378.125000	-49.868046
1421.191406	-50.834553
1464.257812	-54.786152
1507.324219	-55.731060
1550.390625	-54.564079
1593.457031	-54.313366
1636.523438	-55.042912
1679.589844	-57.949757
1722.656250	-58.722393
1765.722656	-59.198040
1808.789062	-57.480305
1851.855469	-58.651234
1894.921875	-60.835136
1937.988281	-61.344170
1981.054688	-60.613361
2024.121094	-60.005028
2067.187500	-61.628078
2110.253906	-61.147964
2153.320312	-59.914986
2196.386719	-62.858513
2239.453125	-63.073460
2282.519531	-63.977993
2325.585938	-64.755714
2368.652344	-63.721603
2411.718750	-63.752632
2454.785156	-62.242149
2497.851562	-61.486389
2540.917969	-65.598358
2583.984375	-66.186615
2627.050781	-67.831894
2670.117188	-66.366081
2713.183594	-67.702698
2756.250000	-66.797081
2799.316406	-63.601295
2842.382812	-63.503643
2885.449219	-64.223984
2928.515625	-63.469254
2971.582031	-63.693634
3014.648438	-66.370537
3057.714844	-69.987740
3100.781250	-68.137421
3143.847656	-67.960396
3186.914062	-69.055473
3229.980469	-67.902634
3273.046875	-66.906120
3316.113281	-64.750229
3359.179688	-64.238167
3402.246094	-63.515022
3445.312500	-65.103958
3488.378906	-66.156792
3531.445312	-63.742420
3574.511719	-63.705761
3617.578125	-62.907440
3660.644531	-67.331505
3703.710938	-70.652702
3746.777344	-69.860664
3789.843750	-67.586060
3832.910156	-66.637909
3875.976562	-67.153679
3919.042969	-70.784897
3962.109375	-69.502953
4005.175781	-66.477798
4048.242188	-66.019249
4091.308594	-66.783554
4134.375000	-69.383507
4177.441406	-70.737785
4220.507812	-68.920464
4263.574219	-66.659607
4306.640625	-69.347717
4349.707031	-70.563751
4392.773438	-68.854889
4435.839844	-69.137405
4478.906250	-69.300957
4521.972656	-68.837280
4565.039062	-67.059219
4608.105469	-66.464577
4651.171875	-68.005432
4694.238281	-67.057381
4737.304688	-67.029282
4780.371094	-65.763824
4823.437500	-64.142616
4866.503906	-63.530827
4909.570312	-61.927593
4952.636719	-63.674511
4995.703125	-63.653553
5038.769531	-61.728477
5081.835938	-61.233360
5124.902344	-63.355297
5167.968750	-66.704483
5211.035156	-66.437195
5254.101562	-64.484612
5297.167969	-64.329628
5340.234375	-66.884850
5383.300781	-70.353737
5426.367188	-71.696198
5469.433594	-68.193977
5512.500000	-66.123833
5555.566406	-68.073730
5598.632812	-72.326073
5641.699219	-72.198738
5684.765625	-69.659744
5727.832031	-71.394577
5770.898438	-72.000519
5813.964844	-72.471039
5857.031250	-74.487946
5900.097656	-76.739502
5943.164062	-75.833443
5986.230469	-74.751320
6029.296875	-75.195152
6072.363281	-74.273376
6115.429688	-74.095070
6158.496094	-74.963242
6201.562500	-75.160492
6244.628906	-72.028694
6287.695312	-72.723206
6330.761719	-73.983978
6373.828125	-74.583351
6416.894531	-74.846527
6459.960938	-73.513702
6503.027344	-70.801605
6546.093750	-71.792099
6589.160156	-74.009232
6632.226562	-74.612778
6675.292969	-77.400421
6718.359375	-76.359589
6761.425781	-75.362648
6804.492188	-76.147095
6847.558594	-77.641861
6890.625000	-77.465805
6933.691406	-74.824287
6976.757812	-75.251244
7019.824219	-77.126518
7062.890625	-76.723114
7105.957031	-73.741806
7149.023438	-73.295723
7192.089844	-73.994133
7235.156250	-72.873802
7278.222656	-73.657784
7321.289062	-73.160660
7364.355469	-70.991219
7407.421875	-70.502853
7450.488281	-71.917038
7493.554688	-74.209854
7536.621094	-72.816360
7579.687500	-71.525719
7622.753906	-71.982307
7665.820312	-74.069511
7708.886719	-73.472008
7751.953125	-74.157181
7795.019531	-74.045959
7838.085938	-73.268684
7881.152344	-74.016357
7924.218750	-76.261726
7967.285156	-75.161743
8010.351562	-73.273109
8053.417969	-74.476524
8096.484375	-76.165710
8139.550781	-78.431847
8182.617188	-77.683174
8225.683594	-77.036606
8268.750000	-76.558167
8311.816406	-78.965363
8354.882812	-79.868393
8397.949219	-79.288872
8441.015625	-77.833458
8484.082031	-78.425323
8527.148438	-79.677193
8570.214844	-80.791588
8613.281250	-79.107033
8656.347656	-79.340500
8699.414062	-79.380264
8742.480469	-80.470856
8785.546875	-80.609230
8828.613281	-78.852264
8871.679688	-76.830994
8914.746094	-76.284355
8957.812500	-79.383400
9000.878906	-79.707649
9043.945312	-77.185013
9087.011719	-76.882187
9130.078125	-78.855133
9173.144531	-80.506203
9216.210938	-79.718231
9259.277344	-80.126137
9302.343750	-81.064682
9345.410156	-80.609543
9388.476562	-80.479530
9431.542969	-83.493729
9474.609375	-81.390594
9517.675781	-80.067642
9560.742188	-81.529106
9603.808594	-84.815231
9646.875000	-85.926514
9689.941406	-84.132591
9733.007812	-84.514343
9776.074219	-84.874527
9819.140625	-85.528320
9862.207031	-85.327148
9905.273438	-82.956566
9948.339844	-80.496712
9991.406250	-82.295326
10034.472656	-85.199638
10077.539062	-81.804619
10120.605469	-80.874474
10163.671875	-81.645164
10206.738281	-83.235992
10249.804688	-84.841110
10292.871094	-84.694519
10335.937500	-83.745499
10379.003906	-82.541718
10422.070312	-83.746681
10465.136719	-88.184555
10508.203125	-87.143463
10551.269531	-85.000366
10594.335938	-84.005325
10637.402344	-84.494446
10680.468750	-87.569748
10723.535156	-86.859138
10766.601562	-86.975815
10809.667969	-89.678093
10852.734375	-91.284103
10895.800781	-91.879524
10938.867188	-90.876152
10981.933594	-88.933601
11025.000000	-87.634758
11068.066406	-88.882004
11111.132812	-88.707985
11154.199219	-86.606148
11197.265625	-87.132637
11240.332031	-87.877716
11283.398438	-88.152046
11326.464844	-88.460815
11369.531250	-89.005051
11412.597656	-89.058929
11455.664062	-88.052979
11498.730469	-88.965164
11541.796875	-87.877144
11584.863281	-87.350800
11627.929688	-87.924377
11670.996094	-90.453079
11714.062500	-88.642532
11757.128906	-85.686150
11800.195312	-86.292000
11843.261719	-88.740707
11886.328125	-91.344780
11929.394531	-89.575920
11972.460938	-87.019753
12015.527344	-87.914307
12058.593750	-89.083206
12101.660156	-89.818710
12144.726562	-89.047745
12187.792969	-86.817032
12230.859375	-86.797012
12273.925781	-89.823296
12316.992188	-90.371071
12360.058594	-88.291718
12403.125000	-86.646141
12446.191406	-88.337845
12489.257812	-89.266090
12532.324219	-88.708359
12575.390625	-88.558105
12618.457031	-85.945648
12661.523438	-85.189507
12704.589844	-87.578972
12747.656250	-90.210838
12790.722656	-88.104324
12833.789062	-87.682304
12876.855469	-88.797783
12919.921875	-89.320854
12962.988281	-89.278717
13006.054688	-87.487099
13049.121094	-88.246918
13092.187500	-86.859200
13135.253906	-87.973083
13178.320312	-89.490623
13221.386719	-88.758453
13264.453125	-88.022682
13307.519531	-86.861450
13350.585938	-89.339836
13393.652344	-91.248825
13436.718750	-89.969528
13479.785156	-89.878365
13522.851562	-90.217125
13565.917969	-89.753059
13608.984375	-90.921936
13652.050781	-91.104279
13695.117188	-89.255775
13738.183594	-89.231979
13781.250000	-90.559891
13824.316406	-91.548805
13867.382812	-92.000191
13910.449219	-89.298157
13953.515625	-88.770706
13996.582031	-91.964058
14039.648438	-92.024155
14082.714844	-91.249336
14125.781250	-92.317780
14168.847656	-92.748573
14211.914062	-91.379707
14254.980469	-91.917290
14298.046875	-95.001945
14341.113281	-95.071938
14384.179688	-93.456360
14427.246094	-93.557915
14470.312500	-95.430717
14513.378906	-95.485970
14556.445312	-93.739685
14599.511719	-95.388268
14642.578125	-96.805977
14685.644531	-95.371994
14728.710938	-95.714714
14771.777344	-96.110825
14814.843750	-97.132439
14857.910156	-95.817673
14900.976562	-97.215302
14944.042969	-99.326042
14987.109375	-95.880058
15030.175781	-95.522484
15073.242188	-98.738243
15116.308594	-97.741745
15159.375000	-95.057266
15202.441406	-96.471161
15245.507812	-99.389885
15288.574219	-98.371674
15331.640625	-96.560432
15374.707031	-98.499557
15417.773438	-100.172333
15460.839844	-99.588684
15503.906250	-99.932823
15546.972656	-99.152946
15590.039062	-98.395927
15633.105469	-97.870224
15676.171875	-99.060112
15719.238281	-101.252869
15762.304688	-99.984749
15805.371094	-98.855385
15848.437500	-100.512299
15891.503906	-101.124161
15934.570312	-99.137901
15977.636719	-98.872414
16020.703125	-100.593147
16063.769531	-100.998924
16106.835938	-101.041138
16149.902344	-101.314552
16192.968750	-100.866447
16236.035156	-99.560204
16279.101562	-99.329666
16322.167969	-101.362000
16365.234375	-102.525002
16408.300781	-100.419182
16451.367188	-100.154892
16494.433594	-101.471794
16537.500000	-101.616943
16580.566406	-100.573380
16623.632812	-101.042679
16666.699219	-101.960274
16709.765625	-101.737282
16752.832031	-101.289879
16795.898438	-101.753914
16838.964844	-101.759575
16882.031250	-100.763908
16925.097656	-101.167740
16968.164062	-102.682281
17011.230469	-102.529427
17054.296875	-102.444138
17097.363281	-102.684158
17140.429688	-102.689354
17183.496094	-102.606628
17226.562500	-102.320091
17269.628906	-102.636383
17312.695312	-102.815926
17355.761719	-102.215271
17398.828125	-101.629211
17441.894531	-102.786720
17484.960938	-102.726517
17528.027344	-101.652603
17571.093750	-102.233444
17614.160156	-102.968025
17657.226562	-102.294144
17700.292969	-101.931274
17743.359375	-102.404854
17786.425781	-102.494591
17829.492188	-102.409157
17872.558594	-102.695587
17915.625000	-103.105072
17958.691406	-102.907158
18001.757812	-102.479790
18044.824219	-102.801224
18087.890625	-103.421921
18130.957031	-103.128021
18174.023438	-103.193726
18217.089844	-103.619934
18260.156250	-103.731377
18303.222656	-103.157661
18346.289062	-102.886284
18389.355469	-103.468086
18432.421875	-103.829407
18475.488281	-103.608261
18518.554688	-103.744186
18561.621094	-103.855888
18604.687500	-103.701935
18647.753906	-103.977760
18690.820312	-104.240677
18733.886719	-104.348358
18776.953125	-104.236298
18820.019531	-104.505150
18863.085938	-104.913261
18906.152344	-104.617050
18949.218750	-104.471466
18992.285156	-104.800278
19035.351562	-105.036774
19078.417969	-105.170715
19121.484375	-105.239067
19164.550781	-105.284874
19207.617188	-105.254158
19250.683594	-105.128235
19293.750000	-105.330193
19336.816406	-105.485970
19379.882812	-105.297791
19422.949219	-105.085381
19466.015625	-105.337128
19509.082031	-105.548943
19552.148438	-105.553596
19595.214844	-105.366432
19638.281250	-105.368111
19681.347656	-105.743462
19724.414062	-105.548096
19767.480469	-105.133583
19810.546875	-105.195648
19853.613281	-105.395226
19896.679688	-105.612503
19939.746094	-105.740189
19982.812500	-105.549103
20025.878906	-105.696014
20068.945312	-105.636467
20112.011719	-104.221779
20155.078125	-105.255493
20198.144531	-106.124481
20241.210938	-106.068474
20284.277344	-106.121178
20327.343750	-106.415688
20370.410156	-106.607239
20413.476562	-106.652626
20456.542969	-106.860085
20499.609375	-106.893661
20542.675781	-106.982918
20585.742188	-107.114777
20628.808594	-107.430946
20671.875000	-107.457779
20714.941406	-107.664932
20758.007812	-107.936615
20801.074219	-108.297798
20844.140625	-108.355835
20887.207031	-108.587494
20930.273438	-108.896645
20973.339844	-108.968605
21016.406250	-109.018723
21059.472656	-109.533562
21102.539062	-109.940155
21145.605469	-110.108749
21188.671875	-110.276115
21231.738281	-110.798157
21274.804688	-111.142654
21317.871094	-111.514679
21360.937500	-111.927200
21404.003906	-112.247398
21447.070312	-112.678215
21490.136719	-113.010094
21533.203125	-113.548019
21576.269531	-113.790123
21619.335938	-114.187469
21662.402344	-114.598755
21705.468750	-114.887039
21748.535156	-114.949585
21791.601562	-115.836617
21834.667969	-115.904076
21877.734375	-115.988274
21920.800781	-115.940300
21963.867188	-116.198494
22006.933594	-116.194901
